Feature,Association,Strength
htn,Positive,0.6554637470466651
dm,Positive,0.6241031447521727
bgr,Positive,0.44567205273991545
bu,Positive,0.42746653285631875
pe,Positive,0.4184767964972446
pc,Positive,0.40167371192226525
ane,Positive,0.37585486745860613
appet,Negative,0.4472634159864379
sod,Negative,-0.3542936810944146
sg,Negative,-0.6863014231440622
pcv,Negative,-0.7077555598989336
hemo,Negative,-0.7507344471410045
bp,Positive,0.3339916774435051
sc,Positive,0.3296929375882474
